id;marque;notre produit;notre contenance;notre genre;produit sirina;contenance sirina;genre sirina;prix DH;prix barré DH;en stock sirina;lien
1;Lattafa;Khamrah;100 ml EDP;Mixte;Khamrah – Lattafa;100 ML;Unisex;239;300;oui;https://sirina.ma/produit/khamrah-lattafa/
2;Armaf;Club de Nuit Intense Man;105 ml EDT;Homme;Club de Nuit Intense Man – Armaf;105 ML;Homme;369;550;non;https://sirina.ma/produit/club-de-nuit-intense-man-armaf/
3;French Avenue;Royal Blend;100 ml EDP;Mixte;Royal Blend – French Avenue;100 ML;Unisex;289;480;oui;https://sirina.ma/produit/royal-blend-french-avenue/
4;Afnan;9PM;100 ml EDP;Homme;9PM – Afnan;100 ML;Homme;499;730;oui;https://sirina.ma/produit/9pm-afnan/
5;Lattafa;Asad;100 ml EDP;Homme;Asad – Lattafa;100 ML;Homme;169;300;oui;https://sirina.ma/produit/asad-lattafa/
6;Rasasi;Hawas for Him;100 ml EDP;Homme;Hawas for Him – Rasasi;100 ML;Homme;479;750;non;https://sirina.ma/produit/hawas-for-him-rasasi/
7;Alhambra;Philos Pura;100 ml EDP;Mixte;Philos Pura – Maison Alhambra;100 ML;Unisex;139;250;oui;https://sirina.ma/produit/philos-pura-maison-alhambra/
9;Zimaya;Sharaf Blend;100 ml EDP;Mixte;Sharaf Blend – Zimaya;100 ML;Unisex;275;379;oui;https://sirina.ma/produit/sharaf-blend-zimaya/
11;Asdaaf;Ameerat Al Arab;100 ml EDP;Mixte;Ameerat Al Arab – Asdaaf;100 ML;Femme;149;200;oui;https://sirina.ma/produit/ameerat-al-arab-asdaaf-2/
12;Rue Broca;Théorème Pour Homme;90 ml EDP;Homme;Théorème Homme – Rue Broca;90 ML;Homme;249;380;non;https://sirina.ma/produit/theoreme-homme-rue-broca/
13;Rayhaan;Elixir;100 ml EDP;Mixte;Rayhaan Elixir – Rayhaan;100 ML;Homme;349;600;oui;https://sirina.ma/produit/rayhaan-elixir-rayhaan/
19;Geparlys;Bois Noir;100 ml EDP;Homme;Bois Noir – Geparlys;100 ML;Homme;219;300;oui;https://sirina.ma/produit/bois-noir-geparlys/
20;Riiffs;Seasons Rise;100 ml EDP;Mixte;Seasons Rise – Riiffs;100 ML;Homme;339;400;oui;https://sirina.ma/produit/seasons-rise-riiffs/
22;Lattafa;Yara;100 ml EDP;Femme;Yara – Lattafa;100 ML;Femme;199;250;oui;https://sirina.ma/produit/yara-lattafa/
24;Alhambra;Delilah;100 ml EDP;Femme;Delilah – Maison Alhambra;100 ML;Femme;139;200;non;https://sirina.ma/produit/delilah-maison-alhambra/
25;Rasasi;Hawas for Her;100 ml EDP;Femme;Hawas for Her – Rasasi;100 ML;Femme;479;600;oui;https://sirina.ma/produit/hawas-for-her-rasasi/
26;Zimaya;Fatima;100 ml EDP;Femme;Fatima – Zimaya;100 ML;Femme;249;350;oui;https://sirina.ma/produit/fatima-zimaya/
104;Lattafa;Maahir Honor;100 ml EDP;Mixte;Maahir Honor – Lattafa;100 ML;Homme;219;300;oui;https://sirina.ma/produit/maahir-honor-lattafa/
106;Lattafa;Khamrah Waha;100 ml EDP;Mixte;Khamrah Waha – Lattafa;100 ML;Homme;299;400;non;https://sirina.ma/produit/khamrah-waha-lattafa/
108;Lattafa;Jouri;100 ml EDP;Femme;Jouri – Lattafa;100 ML;Femme;199;300;oui;https://sirina.ma/produit/jouri-lattafa/
109;Lattafa;Ana Abiyedh Passion;60 ml EDP;Femme;Ana Abiyedh Passion – Lattafa;60 ML;Femme;149;200;oui;https://sirina.ma/produit/ana-abiyedh-passion-lattafa/
110;Lattafa;Queen Of Roses;100 ml EDP;Femme;Queen Of Roses – Lattafa;100 ML;Femme;329;400;oui;https://sirina.ma/produit/queen-of-roses-lattafa/
117;Lattafa;Angham Second Song;100 ml EDP;Mixte;Angham Second Song – Lattafa;100 ML;Femme;199;300;non;https://sirina.ma/produit/angham-second-song-lattafa/
118;Lattafa;Eternal Vanille;100 ml EDP;Mixte;Eternal Vanille – Lattafa;100 ML;Homme;299;400;oui;https://sirina.ma/produit/eternal-vanille-lattafa/
119;Lattafa;Dalal;100 ml EDP;Femme;Dalal – Lattafa;100 ML;Femme;229;300;oui;https://sirina.ma/produit/dalal-lattafa/
120;Lattafa;Musamam Black Intense;100 ml EDP;Homme;Musamam Black Intense – Lattafa;100 ML;Homme;299;400;oui;https://sirina.ma/produit/musamam-black-intense-lattafa/
122;Lattafa;Yara Elixir;100 ml EDP;Femme;Yara Elixir – Lattafa;100 ML;Femme;199;300;oui;https://sirina.ma/produit/yara-elixir-lattafa/
123;Lattafa;Asad Elixir;100 ml EDP;Homme;Asad Elixir – Lattafa;100 ML;Homme;179;250;non;https://sirina.ma/produit/asad-elixir-lattafa/
124;Lattafa;Taureau De Combat;100 ml EDP;Mixte;Taureau De Combat – Lattafa;100 ML;Unisex;289;400;oui;https://sirina.ma/produit/taureau-de-combat-lattafa/
129;Lattafa;The Kingdom Women;100 ml EDP;Femme;The Kingdom For Women – Lattafa;100 ML;Femme;229;300;oui;https://sirina.ma/produit/the-kingdom-for-women-lattafa/
131;Lattafa;Berry on Top;75 ml EDP;Mixte;Berry On Top – Lattafa;75 ML;Femme;219;300;non;https://sirina.ma/produit/berry-on-top-lattafa/
133;Lattafa;Choco Overdose;75 ml EDP;Mixte;Choco Overdose – Lattafa;75 ML;Femme;219;300;oui;https://sirina.ma/produit/choco-overdose-lattafa/
134;Lattafa;Whipped Pleasure;75 ml EDP;Mixte;Whipped Pleasure – Lattafa;75 ML;Femme;219;300;oui;https://sirina.ma/produit/whipped-pleasure-lattafa/
135;Lattafa;Cookie Crave;75 ml EDP;Mixte;Cookie Crave – Lattafa;75 ML;Femme;219;300;oui;https://sirina.ma/produit/cookie-crave-lattafa/
136;Lattafa;Sherif;100 ml EDP;Mixte;Sherif – Lattafa;100 ML;Homme;199;250;oui;https://sirina.ma/produit/sherif-lattafa/
137;Lattafa;Eclaire Banoffi;100 ml EDP;Mixte;Eclaire Banoffi – Lattafa;100 ML;Femme;249;300;oui;https://sirina.ma/produit/eclaire-banoffi-lattafa/
138;Lattafa;Eclaire Pistache;100 ml EDP;Mixte;Eclaire Pistache – Lattafa;100 ML;Femme;249;300;oui;https://sirina.ma/produit/eclaire-pistache-lattafa/
139;Lattafa;Nebras Elixir;100 ml EDP;Mixte;Nebras Elixir – Lattafa;100 ML;Unisex;249;300;oui;https://sirina.ma/produit/nebras-elixir-lattafa/
141;Lattafa;Dynasty;100 ml EDP;Mixte;Dynasty – Lattafa;100 ML;Unisex;219;299;oui;https://sirina.ma/produit/dynasty-lattafa/
142;Lattafa;Opulent Dubai;100 ml EDP;Mixte;Opulent Dubai – Lattafa;100 ML;Homme;139;200;oui;https://sirina.ma/produit/opulent-dubai-lattafa/
144;Lattafa;Atlas;55 ml EDP;Mixte;Atlas – Lattafa;50 ML;Homme;249;300;oui;https://sirina.ma/produit/atlas-lattafa/
146;Lattafa;Habik;100 ml EDP;Homme;Habik For Men – Lattafa;100 ML;Homme;185;250;oui;https://sirina.ma/produit/habik-for-men-lattafa/
153;Lattafa;Emeer;100 ml EDP;Mixte;Emeer – Lattafa;100 ML;Homme;289;300;oui;https://sirina.ma/produit/emeer-lattafa/
154;Lattafa;Raed Silver;100 ml EDP;Mixte;Ra’ed Silver – Lattafa;100 ML;Homme;169;200;oui;https://sirina.ma/produit/raed-silver-lattafa/
157;Lattafa;Ana Abiyedh Leather;60 ml EDP;Mixte;Ana Abiyedh Leather – Lattafa;60 ML;Homme;129;260;non;https://sirina.ma/produit/ana-abiyedh-leather-lattafa/
158;Lattafa;Mayar Cherry Intense;100 ml EDP;Femme;Mayar Cherry Intense – Lattafa;100 ML;Femme;199;250;oui;https://sirina.ma/produit/mayar-cherry-intense-lattafa/
160;Lattafa;Qaed Al Fursan Unlimited;90 ml EDP;Mixte;Qaed Al Fursan Unlimited – Lattafa;90 ML;Femme;129;200;oui;https://sirina.ma/produit/qaed-al-fursan-unlimited-lattafa/
162;Lattafa;Yara Tous;100 ml EDP;Femme;Yara Tous – Lattafa;100 ML;Femme;199;300;oui;https://sirina.ma/produit/yara-tous-lattafa/
165;Lattafa;Queen of Arabia;100 ml EDP;Femme;Queen Of Arabia – Lattafa;100 ML;Femme;349;400;oui;https://sirina.ma/produit/queen-of-arabia-lattafa/
166;Lattafa;Petra;100 ml EDP;Mixte;Petra – Lattafa;100 ML;Unisex;249;300;oui;https://sirina.ma/produit/petra-lattafa/
167;Lattafa;Fakhar Platin;100 ml EDP;Mixte;Fakhar Platin – Lattafa;100 ML;Homme;179;200;oui;https://sirina.ma/produit/fakhar-platin-lattafa/
177;Lattafa;Ishq Al Shuyukh Silver;100 ml EDP;Homme;Ishq Al Shuyukh Silver – Lattafa;100 ML;Homme;259;350;oui;https://sirina.ma/produit/ishq-al-shuyukh-silver-lattafa/
188;Lattafa;Al Qiam Silver;100 ml EDP;Homme;Al Qiam Silver – Lattafa;100 ML;Unisex;269;499;non;https://sirina.ma/produit/al-qiam-silver-lattafa/
191;Lattafa;Art Of Wood;100 ml EDP;Mixte;Art of Wood – Lattafa;100 ML;Unisex;319;400;oui;https://sirina.ma/produit/art-of-wood-lattafa/
193;Lattafa;Blue Sapphire;100 ml EDP;Mixte;Blue Sapphire – Lattafa;100 ML;Homme;249;300;oui;https://sirina.ma/produit/blue-sapphire-lattafa/
196;Lattafa;Eternal Oud;100 ml EDP;Mixte;Eternal Oud – Lattafa;100 ML;Unisex;289;400;oui;https://sirina.ma/produit/eternal-oud-lattafa/
201;Lattafa;Maharjan Silver;100 ml EDP;Mixte;Maharjan Silver – Lattafa;100 ML;Homme;349;489;non;https://sirina.ma/produit/maharjan-silver-lattafa/
211;Lattafa;Tharwah Gold;100 ml EDP;Mixte;Tharwah Gold – Lattafa;100 ML;Femme;249;300;oui;https://sirina.ma/produit/tharwah-gold-lattafa/
212;Lattafa;Shaheen Silver;100 ml EDP;Femme;Shaheen Silver – Lattafa;100 ML;Homme;259;300;oui;https://sirina.ma/produit/shaheen-silver-lattafa/
214;Lattafa;Royal Sapphire;100 ml EDP;Mixte;Royal Sapphire – Lattafa;100 ML;Unisex;249;300;oui;https://sirina.ma/produit/royal-sapphire-lattafa/
215;Lattafa;Shaheen Gold;100 ml EDP;Femme;Shaheen Gold – Lattafa;100 ML;Homme;249;300;oui;https://sirina.ma/produit/shaheen-gold-lattafa/
218;Lattafa;Yara Moi;100 ml EDP;Femme;Yara Moi – Lattafa;100 ML;Femme;199;300;oui;https://sirina.ma/produit/yara-moi-lattafa/
219;Lattafa;Yara Candy;100 ml EDP;Femme;Yara Candy – Lattafa;100 ML;Femme;199;299;oui;https://sirina.ma/produit/yara-candy-lattafa-2/
221;Lattafa;Victoria;100 ml EDP;Mixte;Victoria – Lattafa;100 ML;Femme;239;300;oui;https://sirina.ma/produit/victoria-lattafa/
223;Lattafa;Velvet Oud;100 ml EDP;Homme;Velvet Oud – Lattafa;100 ML;Unisex;169;300;oui;https://sirina.ma/produit/velvet-oud-lattafa/
224;Lattafa;Velvet Musk;100 ml EDP;Mixte;Velvet Musk – Lattafa;100 ML;Unisex;149;200;oui;https://sirina.ma/produit/velvet-musk-lattafa/
225;Lattafa;The Kingdom Men;100 ml EDP;Homme;The Kingdom – Lattafa;100 ML;Homme;249;330;oui;https://sirina.ma/produit/the-kingdom-lattafa/
226;Lattafa;Teriaq Intense;100 ml EDP;Mixte;Teriaq Intense – Lattafa;100 ML;Homme;299;570;non;https://sirina.ma/produit/teriaq-intense-lattafa/
227;Lattafa;Teriaq;100 ml EDP;Femme;Teriaq – Lattafa;100 ML;Femme;289;400;oui;https://sirina.ma/produit/teriaq-lattafa/
231;Lattafa;Ser Al Malika;100 ml EDP;Mixte;Ser al Malika – Lattafa;100 ML;Femme;149;220;oui;https://sirina.ma/produit/ser-al-malika-lattafa/
234;Lattafa;Sakeena;100 ml EDP;Mixte;Sakeena – Lattafa;100 ML;Femme;219;299;oui;https://sirina.ma/produit/sakeena-lattafa/
237;Lattafa;Rouat Al Oud;100 ml EDP;Mixte;Rouat Al Oud – Lattafa;100 ML;Unisex;139;190;non;https://sirina.ma/produit/rouat-al-oud-lattafa/
238;Lattafa;Ramz Silver;100 ml EDP;Mixte;Ramz Lattafa Silver – Lattafa;100 ML;Homme;139;230;oui;https://sirina.ma/produit/ramz-lattafa-silver/
239;Lattafa;Ramz Gold;100 ml EDP;Mixte;Ramz Lattafa Gold – Lattafa;100 ML;Unisex;129;200;oui;https://sirina.ma/produit/ramz-lattafa-gold-lattafa/
243;Lattafa;Qaed Al Fursan Untamed;90 ml EDP;Mixte;Qaed Al Fursan Untamed – Lattafa;90 ML;Homme;129;200;oui;https://sirina.ma/produit/qaed-al-fursan-untamed-lattafa/
244;Lattafa;Qaed Al Fursan;90 ml EDP;Mixte;Qaed Al Fursan – Lattafa;90 ML;Unisex;139;230;oui;https://sirina.ma/produit/qaed-al-fursan-lattafa/
247;Lattafa;Nebras;100 ml EDP;Mixte;Nebras – Lattafa;100 ML;Femme;239;499;non;https://sirina.ma/produit/nebras-lattafa/
249;Lattafa;Art Of Universe;100 ml EDP;Mixte;Art of Universe – Lattafa;100 ML;Homme;379;500;oui;https://sirina.ma/produit/art-of-universe-lattafa/
253;Lattafa;Art Of Arabia II;100 ml EDP;Mixte;Art of Arabia II – Lattafa;100 ML;Unisex;339;599;oui;https://sirina.ma/produit/art-of-arabia-ii-lattafa/
254;Lattafa;Art Of Arabia I;100 ml EDP;Mixte;Art of Arabia I – Lattafa;100 ML;Homme;349;600;oui;https://sirina.ma/produit/art-of-arabia-i-lattafa/
256;Lattafa;Oud Mood Elixir;100 ml EDP;Mixte;Oud Mood Elixir – Lattafa;100 ML;Unisex;149;200;oui;https://sirina.ma/produit/oud-mood-elixir-lattafa/
257;Lattafa;Oud Mood;100 ml EDP;Mixte;Oud Mood – Lattafa;100 ML;Unisex;129;200;oui;https://sirina.ma/produit/oud-mood-lattafa/
258;Lattafa;Musk Mood;100 ml EDP;Mixte;Musk Mood – Lattafa;100 ML;Femme;149;200;non;https://sirina.ma/produit/musk-mood-lattafa/
259;Lattafa;Musamam White Intense;100 ml EDP;Mixte;Musamam White Intense – Lattafa;100 ML;Unisex;289;400;oui;https://sirina.ma/produit/musamam-white-intense-lattafa/
261;Lattafa;Mayar Natural Intense;100 ml EDP;Femme;Mayar Natural Intense – Lattafa;100 ML;Femme;189;370;oui;https://sirina.ma/produit/mayar-natural-intense-lattafa/
262;Lattafa;Mashrabya;100 ml EDP;Mixte;Mashrabya – Lattafa;100 ML;Unisex;229;299;oui;https://sirina.ma/produit/mashrabya-lattafa/
264;Lattafa;Maahir Legacy;100 ml EDP;Mixte;Maahir Legacy – Lattafa;100 ML;Homme;200;379;oui;https://sirina.ma/produit/maahir-legacy-lattafa/
265;Lattafa;Maahir Black Edition;100 ml EDP;Mixte;Maahir Black Edition Lattafa;100 ML;Homme;200;340;oui;https://sirina.ma/produit/maahir-black-edition-lattafa/
266;Lattafa;Maahir;100 ml EDP;Mixte;Maahir – Lattafa;100 ML;Unisex;219;340;oui;https://sirina.ma/produit/maahir-lattafa/
270;Lattafa;Khamrah Qahwa;100 ml EDP;Mixte;Khamrah Qahwa – Lattafa;100 ML;Unisex;239;300;oui;https://sirina.ma/produit/khamrah-qahwa-lattafa/
271;Lattafa;Khamrah Dukhan;100 ml EDP;Mixte;Khamrah Dukhan – Lattafa;100 ML;Unisex;249;300;oui;https://sirina.ma/produit/khamrah-dukhan-lattafa/
274;Lattafa;His Confession;100 ml EDP;Homme;His Confession Pour Homme – Lattafa;100 ML;Homme;299;370;oui;https://sirina.ma/produit/his-confession-pour-homme-lattafa/
275;Lattafa;Her Confession;100 ml EDP;Femme;Her Confession Pour Femme – Lattafa;100 ML;Femme;299;370;oui;https://sirina.ma/produit/her-confession-lattafa-pour-femme/
276;Lattafa;Hayaati Gold Elixir;100 ml EDP;Mixte;Hayaati Gold Elixir – Lattafa;100 ML;Unisex;149;270;oui;https://sirina.ma/produit/hayaati-gold-elixir-lattafa/
277;Lattafa;Hayaati Al Maleky;100 ml EDP;Mixte;Hayaati Al Maleky – Lattafa;100 ML;Homme;139;200;oui;https://sirina.ma/produit/hayaati-al-maleky-lattafa/
278;Lattafa;Haya;100 ml EDP;Femme;Haya – Lattafa;100 ML;Femme;219;399;oui;https://sirina.ma/produit/haya-lattafa/
281;Lattafa;Emaan;100 ml EDP;Homme;Emaan – Lattafa;100 ML;Femme;229;299;oui;https://sirina.ma/produit/emaan-lattafa/
283;Lattafa;Ejaazi;100 ml EDP;Mixte;Ejaazi – Lattafa;100 ML;Homme;129;200;oui;https://sirina.ma/produit/ejaazi-lattafa/
284;Lattafa;Eclaire;100 ml EDP;Mixte;Eclaire – Lattafa;100 ML;Femme;249;350;oui;https://sirina.ma/produit/eclaire-lattafa/
285;Lattafa;Confidential Private Gold;100 ml EDP;Mixte;Confidential Private Gold – Lattafa;100 ML;Unisex;139;200;non;https://sirina.ma/produit/confidential-private-gold-lattafa/
286;Lattafa;Blue Oud;100 ml EDP;Mixte;Blue Oud – Lattafa;100 ML;Homme;139;200;non;https://sirina.ma/produit/blue-oud-lattafa/
288;Lattafa;Badee Al Oud Sublime;100 ml EDP;Mixte;Badee Al Oud Sublime – Lattafa;100 ML;Femme;199;300;oui;https://sirina.ma/produit/badee-al-oud-sublime-lattafa/
289;Lattafa;Badee Al Oud Noble Blush;100 ml EDP;Femme;Badee al oud Noble Blush – Lattafa;100 ML;Femme;199;300;oui;https://sirina.ma/produit/noble-blush-lattafa/
292;Lattafa;Badee Al Oud Amethyst;100 ml EDP;Mixte;Bade’e Al Oud Amethyst – Lattafa;100 ML;Unisex;199;300;oui;https://sirina.ma/produit/badee-al-oud-amethyst-lattafa/
293;Lattafa;Atheeri;100 ml EDP;Mixte;Atheeri – Lattafa;100 ML;Femme;269;350;oui;https://sirina.ma/produit/atheeri-lattafa/
294;Lattafa;Asad Zanzibar;100 ml EDP;Homme;Lattafa Asad Zanzibar;100 ML;Homme;179;300;oui;https://sirina.ma/produit/lattafa-asad-zanzibar/
295;Lattafa;Angham;100 ml EDP;Mixte;Angham – Lattafa;100 ML;Femme;199;300;non;https://sirina.ma/produit/angham-lattafa/
300;Lattafa;Al Dur Al Maknoon Silver;100 ml EDP;Mixte;Al Dur Al Maknoon Silver – Lattafa;100 ML;Homme;119;150;non;https://sirina.ma/produit/al-dur-al-maknoon-silver-lattafa/
303;Lattafa;Afeef;100 ml EDP;Homme;Afeef – Lattafa;100 ML;Femme;279;300;oui;https://sirina.ma/produit/afeef-lattafa/
305;Lattafa;24 Carat White Gold;100 ml EDP;Mixte;24 Carat White Gold – Lattafa;100 ML;Homme;149;200;non;https://sirina.ma/produit/24-carat-white-gold-lattafa/
317;Armaf;Club de Nuit Sillage;100 ml EDP;Mixte;Club de Nuit Sillage – Armaf;105 ML;Homme;449;500;oui;https://sirina.ma/produit/club-de-nuit-sillage-armaf/
480;Armaf;Nomad;100 ml EDP;Homme;Nomad Pour Homme – Armaf;100 ML;Homme;349;400;non;https://sirina.ma/produit/nomad-pour-homme-armaf/
567;Armaf;Magnificent Blue;101 ml EDP;Homme;Magnificent Blue Pour Homme – Armaf;100 ML;Homme;379;400;oui;https://sirina.ma/produit/magnificent-blue-pour-homme-armaf/
580;Armaf;Caballo;101 ml EDP;Homme;Caballo Pour Homme – Armaf;100 ML;Homme;349;400;oui;https://sirina.ma/produit/caballo-pour-homme-armaf/
599;Armaf;Black Saffron;101 ml EDP;Mixte;Black Saffron – Armaf;100 ML;Unisex;299;400;oui;https://sirina.ma/produit/black-saffron-armaf/
614;Armaf;Tag Him Uomo Rosso;101 ml EDP;Homme;Tag Him Uomo Rosso – Armaf;100 ML;Homme;329;400;oui;https://sirina.ma/produit/tag-him-uomo-rosso-armaf/
634;Afnan;9 PM Night Out;100 ml EDP;Femme;9 PM Night Out – Afnan;100 ML;Homme;499;600;non;https://sirina.ma/produit/9-pm-night-out-afnan/
637;Afnan;Historic Sahara;100 ml EDP;Femme;Historic Sahara – Afnan;100 ML;Homme;409;500;oui;https://sirina.ma/produit/historic-sahara-afnan/
639;Afnan;Rare Reef;100 ml EDP;Femme;Rare Reef – Afnan;100 ML;Homme;379;500;oui;https://sirina.ma/produit/rare-reef-afnan/
663;Afnan;Mystique Bouquet;80 ml EDP;Femme;Mystique Bouquet – Afnan;80 ML;Femme;499;600;oui;https://sirina.ma/produit/mystique-bouquet-afnan/
670;Afnan;Historic Olmeda;100 ml EDP;Mixte;Historic Olmeda – Afnan;100 ML;Homme;399;500;oui;https://sirina.ma/produit/historic-olmeda-afnan/
674;Afnan;Rare Carbon;100 ml EDP;Homme;Rare Carbon – Afnan;100 ML;Homme;429;500;oui;https://sirina.ma/produit/rare-carbon-afnan/
687;Afnan;Tribute Blue;100 ml EDP;Homme;Tribute Blue – Afnan;100 ML;Homme;509;600;oui;https://sirina.ma/produit/tribute-blue-afnan/
689;Afnan;Supremacy Pink;100 ml EDP;Femme;Supremacy Pink – Afnan;100 ML;Femme;439;500;oui;https://sirina.ma/produit/supremacy-pink-afnan/
691;Afnan;Supremacy In Heaven;100 ml EDP;Mixte;Supremacy In Heaven – Afnan;100 ML;Homme;439;500;oui;https://sirina.ma/produit/supremacy-in-heaven-afnan/
692;Afnan;Supremacy Gold;100 ml EDP;Femme;Supremacy Gold – Afnan;100 ML;Homme;439;500;oui;https://sirina.ma/produit/supremacy-gold-afnan/
701;Fragrance World;Vulcan Feu;100 ml EDP;Homme;Vulcan Feu – French Avenue;100 ML;Homme;329;400;oui;https://sirina.ma/produit/vulcan-feu-french-avenue/
717;Fragrance World;Spectre Ghost;100 ml EDP;Homme;Spectre Ghost – French Avenue;100 ML;Homme;299;500;non;https://sirina.ma/produit/spectre-ghost-french-avenue/
719;Fragrance World;Ravine Ice;100 ml EDP;Homme;Ravine Ice – French Avenue;100 ML;Unisex;299;400;oui;https://sirina.ma/produit/ravine-ice-french-avenue/
720;Fragrance World;Ravine Ginger;100 ml EDP;Mixte;Ravine Ginger – French Avenue;100 ML;Unisex;299;400;oui;https://sirina.ma/produit/ravine-ginger-french-avenue/
721;Fragrance World;Grow;100 ml EDP;Homme;Grow – French Avenue;100 ML;Unisex;299;400;oui;https://sirina.ma/produit/grow-french-avenue/
727;Fragrance World;Cosmic Tonka;100 ml EDP;Mixte;Cosmic Tonka – French Avenue;100 ML;Unisex;299;400;oui;https://sirina.ma/produit/cosmic-tonka-french-avenue/
745;Fragrance World;Amber Saffron;100 ml EDP;Homme;Amber Saffron – French Avenue;100 ML;Homme;449;550;oui;https://sirina.ma/produit/amber-saffron-french-avenue/
748;Fragrance World;Amber Empire;100 ml EDP;Homme;Amber Empire – French Avenue;100 ML;Homme;279;350;non;https://sirina.ma/produit/amber-empire-french-avenue/
749;Fragrance World;Arsh;100 ml Extrait;Homme;Arsh – French Avenue;100 ML;Unisex;299;400;oui;https://sirina.ma/produit/arsh-french-avenue/
750;Fragrance World;Veneno Scarlet;100 ml EDP;Femme;Veneno Scarlet – French Avenue;100 ML;Femme;359;450;oui;https://sirina.ma/produit/veneno-scarlet-french-avenue/
754;Fragrance World;Vulcan Baie;100 ml EDP;Femme;Vulcan Baie – French Avenue;100 ML;Femme;299;400;oui;https://sirina.ma/produit/vulcan-baie-french-avenue/
768;Fragrance World;Spectre Wraith;100 ml EDP;Homme;Spectre Wraith – French Avenue;100 ML;Homme;299;420;oui;https://sirina.ma/produit/spectre-wraith-french-avenue/
774;Fragrance World;Diwani Cairo;100 ml EDP;Femme;Diwani Cairo – French Avenue;100 ML;Femme;329;400;oui;https://sirina.ma/produit/diwani-cairo-french-avenue/
775;Fragrance World;Diwani Beirut;100 ml EDP;Homme;Diwani Beirut – French Avenue;100 ML;Femme;329;400;oui;https://sirina.ma/produit/diwani-beirut-french-avenue/
789;Fragrance World;Pinnace;100 ml EDP;Homme;Pinnace – French Avenue;100 ML;Homme;299;400;oui;https://sirina.ma/produit/pinnace-french-avenue/
811;Fragrance World;Royal Blend Vintage;100 ml EDP;Homme;Royal Blend Vintage – French Avenue;100 ML;Homme;289;350;oui;https://sirina.ma/produit/royal-blend-vintage-french-avenue/
812;Fragrance World;Chocola Addict;100 ml EDP;Homme;Chocola Addict – French Avenue;100 ML;Homme;269;300;oui;https://sirina.ma/produit/chocola-addict-french-avenue/
813;Fragrance World;Grecia;100 ml EDP;Femme;Grecia – French Avenue;100 ML;Femme;289;400;oui;https://sirina.ma/produit/grecia-french-avenue/
814;Fragrance World;Royal blend Bourbon;100 ml EDP;Homme;Royal Blend Bourbon – French Avenue;100 ML;Homme;289;400;oui;https://sirina.ma/produit/royal-blend-bourbon-french-avenue/
821;Fragrance World;Royal Blend;100 ml EDP;Homme;Royal Blend – French Avenue;100 ML;Unisex;289;480;oui;https://sirina.ma/produit/royal-blend-french-avenue/
822;Fragrance World;Royal Blend Nero;100 ml EDP;Homme;Royal Blend Nero – French Avenue;100 ML;Unisex;299;480;oui;https://sirina.ma/produit/royal-blend-nero-french-avenue/
825;Fragrance World;Pinnace Oryn;100 ml EDP;Homme;Pinnace Oryn – French Avenue;100 ML;Homme;299;400;oui;https://sirina.ma/produit/pinnace-oryn-french-avenue/
827;Fragrance World;Pinnace Noir;100 ml EDP;Homme;Pinnace Noir – French Avenue;100 ML;Homme;299;400;non;https://sirina.ma/produit/pinnace-noir-french-avenue/
830;Fragrance World;Cocoa Morado;100 ml EDP;Homme;Cocoa Morado – French Avenue;100 ML;Homme;269;429;oui;https://sirina.ma/produit/cocoa-morado-french-avenue/
834;Fragrance World;Veneno Bianco;100 ml EDP;Femme;Veneno Bianco – French Avenue;100 ML;Femme;369;500;oui;https://sirina.ma/produit/veneno-bianco-french-avenue/
835;Fragrance World;Veneno;100 ml EDP;Homme;Veneno – French Avenue;100 ML;Homme;369;500;oui;https://sirina.ma/produit/veneno-french-avenue/
836;Fragrance World;Vulcan Sable;100 ml EDP;Homme;Vulcan Sable – French Avenue;100 ML;Unisex;329;400;oui;https://sirina.ma/produit/vulcan-sable-french-avenue/
855;Zimaya;Mazaaj Rhythm;100 ml EDP;Femme;Mazaaj Rhythm – Zimaya;100 ML;Unisex;279;350;non;https://sirina.ma/produit/mazaaj-rhythm-zimaya/
856;Zimaya;Al Barari Shore;100 ml EDP;Homme;Al Barari Shore – Zimaya;100 ML;Femme;259;300;oui;https://sirina.ma/produit/al-barari-shore-zimaya/
858;Zimaya;Sharaf Divine;100 ml EDP;Mixte;Sharaf Divine – Zimaya;100 ML;Unisex;279;350;oui;https://sirina.ma/produit/sharaf-divine-zimaya/
864;Zimaya;Siada Regal;100 ml EDP;Femme;Siada Regal – Zimaya;100 ML;Unisex;269;300;oui;https://sirina.ma/produit/siada-regal-zimaya/
865;Zimaya;Siada Nova;100 ml EDP;Femme;Siada Nova – Zimaya;100 ML;Unisex;269;300;oui;https://sirina.ma/produit/siada-nova-zimaya/
866;Zimaya;Al Barari Coral;100 ml EDP;Femme;Al Barari Coral – Zimaya;100 ML;Homme;259;300;non;https://sirina.ma/produit/al-barari-coral-zimaya/
867;Zimaya;Charisma;100 ml EDP;Homme;Charisma Pour Homme – Zimaya;100 ML;Homme;239;300;oui;https://sirina.ma/produit/charisma-pour-homme-zimaya/
868;Zimaya;Abadi Saga;100 ml EDP;Homme;Abadi Saga – Zimaya;100 ML;Homme;269;300;oui;https://sirina.ma/produit/abadi-saga-zimaya/
870;Zimaya;Reverie Petals;100 ml EDP;Femme;Reverie Petals – Zimaya;100 ML;Femme;219;300;oui;https://sirina.ma/produit/reverie-petals-zimaya/
871;Zimaya;Reverie Aqua;100 ml EDP;Mixte;Reverie Aqua – Zimaya;100 ML;Homme;249;300;oui;https://sirina.ma/produit/reverie-aqua-zimaya/
872;Zimaya;Abadi Opulent;100 ml EDP;Mixte;Abadi Opulent – Zimaya;100 ML;Homme;269;300;oui;https://sirina.ma/produit/abadi-opulent-zimaya/
874;Zimaya;Modhesh Aura;100 ml EDP;Mixte;Modhesh Aura – Zimaya;100 ML;Homme;279;300;oui;https://sirina.ma/produit/modhesh-aura-zimaya/
875;Zimaya;Itqan Noir;100 ml EDP;Femme;Itqan Noir – Zimaya;100 ML;Homme;299;399;oui;https://sirina.ma/produit/itqan-noir-zimaya/
876;Zimaya;Itqan Gold;100 ml EDP;Femme;Itqan Gold – Zimaya;100 ML;Unisex;299;399;oui;https://sirina.ma/produit/itqan-gold-zimaya/
877;Zimaya;Tiramisu Coco;100 ml EDP;Femme;Tiramisu Coco – Zimaya;100 ML;Unisex;279;300;oui;https://sirina.ma/produit/tiramisu-coco-zimaya/
878;Zimaya;Tiramisu Caramel;100 ml EDP;Femme;Tiramisu Caramel – Zimaya;100 ML;Femme;279;300;oui;https://sirina.ma/produit/tiramisu-caramel-zimaya/
879;Zimaya;Anhaar Valley;100 ml EDP;Femme;Anhaar Valley – Zimaya;100 ML;Unisex;219;300;oui;https://sirina.ma/produit/anhaar-valley-zimaya/
880;Zimaya;Anhaar Dune;100 ml EDP;Femme;Anhaar Dune – Zimaya;100 ML;Unisex;219;300;oui;https://sirina.ma/produit/anhaar-dune-zimaya/
882;Zimaya;Zahir Gold;100 ml EDP;Mixte;Zahir Gold – Zimaya;100 ML;Femme;219;250;oui;https://sirina.ma/produit/zahir-gold-zimaya/
883;Zimaya;Infrad Noir;100 ml EDP;Mixte;Infrad Noir – Zimaya;100 ML;Homme;279;300;oui;https://sirina.ma/produit/infrad-noir-zimaya/
884;Zimaya;Infrad Luxe;100 ml EDP;Femme;Infrad Luxe – Zimaya;100 ML;Femme;279;300;oui;https://sirina.ma/produit/infrad-luxe-zimaya/
886;Zimaya;Al Embratur Elixir;100 ml EDP;Mixte;AL EMBRATUR ELIXIR – Zimaya;100 ML;Homme;249;300;oui;https://sirina.ma/produit/al-embratur-elixir-zimaya/
887;Zimaya;Al Embratur Intense;100 ml EDP;Mixte;AL EMBRATUR INTENSE – Zimaya;100 ML;Homme;249;300;oui;https://sirina.ma/produit/al-embratur-intense-zimaya/
888;Zimaya;Cult;100 ml EDP;Femme;Cult – Zimaya;100 ML;Unisex;269;400;oui;https://sirina.ma/produit/cult-zimaya/
890;Zimaya;Inekas Luna;100 ml EDP;Mixte;INEKAS LUNA – Zimaya;100 ML;Homme;249;300;oui;https://sirina.ma/produit/inekas-luna-zimaya/
891;Zimaya;Swar Al Dahab;100 ml EDP;Femme;Swar Al Dahab – Zimaya;100 ML;Femme;229;300;oui;https://sirina.ma/produit/swar-al-dahab-zimaya/
894;Zimaya;Zukhruf Cherry;100 ml EDP;Femme;Zukhruf Cherry – Zimaya;100 ML;Femme;249;399;oui;https://sirina.ma/produit/zukhruf-cherry-zimaya/
895;Zimaya;Noor Jazz;100 ml EDP;Femme;Noor Jazz – Zimaya;100 ML;Unisex;249;360;oui;https://sirina.ma/produit/noor-jazz-zimaya/
896;Zimaya;Wameed;100 ml EDP;Femme;Wameed – Zimaya;100 ML;Unisex;230;350;oui;https://sirina.ma/produit/wameed-zimaya/
897;Zimaya;Farah;100 ml EDP;Femme;Farah – Zimaya;100 ML;Femme;269;380;oui;https://sirina.ma/produit/farah-zimaya/
898;Zimaya;Bahjah;100 ml EDP;Femme;Bahjah – Zimaya;100 ML;Unisex;279;379;oui;https://sirina.ma/produit/bahjah-zimaya/
899;Zimaya;Elixir Gold;100 ml EDP;Femme;Elixir Gold – Zimaya;100 ML;Femme;249;370;oui;https://sirina.ma/produit/elixir-gold-zimaya/
900;Zimaya;Elixir Red;100 ml EDP;Femme;Elixir Red – Zimaya;100 ML;Unisex;239;380;non;https://sirina.ma/produit/elixir-red-zimaya/
901;Zimaya;Elixir White;100 ml EDP;Femme;Elixir White – Zimaya;100 ML;Femme;249;379;oui;https://sirina.ma/produit/elixir-white-zimaya/
902;Zimaya;Mazaaj Infused;100 ml EDP;Femme;Mazaaj Infused – Zimaya;100 ML;Unisex;269;449;non;https://sirina.ma/produit/mazaaj-infused-zimaya/
903;Zimaya;Exquisite;100 ml EDP;Femme;Exquisite – Zimaya;100 ML;Femme;299;370;non;https://sirina.ma/produit/exquisite-zimaya/
904;Zimaya;Oscar;100 ml EDP;Mixte;Oscar – Zimaya;100 ML;Homme;259;390;oui;https://sirina.ma/produit/oscar-zimaya/
906;Zimaya;Hayam;100 ml EDP;Femme;Hayam – Zimaya;100 ML;Homme;219;380;oui;https://sirina.ma/produit/hayam-zimaya/
907;Zimaya;Khafaya Femme (Pink;100 ml EDP;Femme;Khafaya Pink – Zimaya;100 ML;Femme;249;379;oui;https://sirina.ma/produit/khafaya-pink-zimaya/
910;Zimaya;Wujood;100 ml EDP;Homme;Wujood – Zimaya;100 ML;Homme;239;300;oui;https://sirina.ma/produit/wujood-zimaya/
911;Zimaya;Ghyoom;100 ml EDP;Mixte;Ghyoom – Zimaya;100 ML;Homme;229;399;oui;https://sirina.ma/produit/ghyoom-zimaya/
912;Zimaya;Al Kaser;100 ml EDP;Femme;Al Kaser – Zimaya;100 ML;Unisex;249;379;oui;https://sirina.ma/produit/al-kaser-zimaya/
913;Zimaya;Sharaf The Club;100 ml EDP;Femme;Sharaf The Club – Zimaya;100 ML;Homme;275;350;oui;https://sirina.ma/produit/sharaf-the-club-zimaya/
914;Zimaya;Yaa Umree;100 ml EDP;Femme;Yaa Umree – Zimaya;100 ML;Femme;149;200;oui;https://sirina.ma/produit/yaa-umree-zimaya/
915;Zimaya;Vigour;100 ml EDP;Homme;Vigour – Zimaya;100 ML;Homme;199;390;oui;https://sirina.ma/produit/vigour-zimaya/
916;Zimaya;Treasure;100 ml EDP;Mixte;Treasure – Zimaya;100 ML;Femme;199;390;oui;https://sirina.ma/produit/treasure-zimaya/
918;Zimaya;Taraf Black;100 ml EDP;Mixte;Taraf Black – Zimaya;100 ML;Unisex;219;350;oui;https://sirina.ma/produit/taraf-black-zimaya/
919;Zimaya;Royal Leather;100 ml EDP;Mixte;Royal Leather – Zimaya;100 ML;Homme;249;369;oui;https://sirina.ma/produit/royal-leather-zimaya/
920;Zimaya;Noor Oud;100 ml EDP;Femme;Noor Oud – Zimaya;100 ML;Unisex;239;389;oui;https://sirina.ma/produit/noor-oud-zimaya/
922;Zimaya;Luxor;100 ml EDP;Femme;Luxor – Zimaya;100 ML;Homme;239;369;oui;https://sirina.ma/produit/luxor-zimaya/
923;Zimaya;Impulse Oud;100 ml EDP;Femme;Impulse Oud – Zimaya;100 ML;Unisex;199;339;oui;https://sirina.ma/produit/impulse-oud-zimaya/
924;Zimaya;Ilham Al Oud;100 ml EDP;Femme;Ilham Al Oud – Zimaya;100 ML;Unisex;169;260;oui;https://sirina.ma/produit/ilham-al-oud-zimaya/
925;Zimaya;Grandeur;100 ml EDP;Femme;Grandeur – Zimaya;100 ML;Homme;239;390;oui;https://sirina.ma/produit/grandeur-zimaya/
927;Zimaya;Brave Heart;100 ml EDP;Femme;Brave Heart – Zimaya;100 ML;Homme;249;369;oui;https://sirina.ma/produit/brave-heart-zimaya/
928;Zimaya;Bouquet Red;100 ml Extrait;Femme;Bouquet Red – Zimaya;100 ML;Femme;199;370;oui;https://sirina.ma/produit/bouquet-red-zimaya/
929;Zimaya;Amber Is Great;100 ml EDP;Femme;Amber Is Great – Zimaya;100 ML;Unisex;219;370;oui;https://sirina.ma/produit/amber-is-great-zimaya/
930;Zimaya;Hawwa Red;100 ml EDP;Femme;Hawwa Red – Zimaya;100 ML;Femme;229;380;oui;https://sirina.ma/produit/hawwa-red-zimaya/
932;Zimaya;Mazaaj;100 ml EDP;Femme;Mazaaj – Zimaya;100 ML;Homme;269;390;oui;https://sirina.ma/produit/mazaaj-zimaya/
933;Zimaya;Stallion;100 ml EDP;Homme;Stallion – Zimaya;100 ML;Homme;299;370;oui;https://sirina.ma/produit/stallion-zimaya/
936;Zimaya;Al Fouz;100 ml EDP;Femme;Al Fouz – Zimaya;100 ML;Homme;225;380;oui;https://sirina.ma/produit/al-fouz-zimaya/
956;Rayhaan;Pacific Aura;100 ml EDP;Homme;Pacific Aura – Rayhaan;100 ML;Homme;349;600;oui;https://sirina.ma/produit/pacific-aura-rayhaan/
957;Rayhaan;Tiger;100 ml EDP;Homme;Tiger – Rayhaan;100 ML;Homme;349;600;oui;https://sirina.ma/produit/tiger-rayhaan/
958;Rayhaan;Crimson;100 ml EDP;Homme;Crimson – Rayhaan;100 ML;Homme;349;600;oui;https://sirina.ma/produit/crimson-rayhaan/
975;Rayhaan;Imperia;100 ml EDP;Homme;Imperia – Rayhaan;100 ML;Homme;299;600;oui;https://sirina.ma/produit/imperia-rayhaan/
976;Rayhaan;Ocean Rush;100 ml EDP;Homme;Ocean Rush – Rayhaan;100 ML;Homme;299;600;oui;https://sirina.ma/produit/ocean-rush-rayhaan/
977;Rayhaan;Imperia Intense;100 ml EDP;Homme;Imperia Intense – Rayhaan;100 ML;Homme;299;600;oui;https://sirina.ma/produit/imperia-intense-rayhaan/
1106;Geparlys;Yes I Am The King Nomade;100 ml EDP;Homme;Yes I Am The King Nomade – Geparlys;100 ML;Homme;249;300;oui;https://sirina.ma/produit/yes-i-am-the-king-nomade-geparlys/
1113;Geparlys;You Are Cherry;100 ml EDP;Femme;You Are Cherry – Geparlys;100 ML;Femme;249;380;oui;https://sirina.ma/produit/you-are-cherry-geparlys/
1114;Geparlys;Yes I Am the King - Kingmaker;100 ml EDP;Homme;Yes I Am The King Kingmaker – Geparlys;100 ML;Homme;279;480;oui;https://sirina.ma/produit/yes-i-am-the-king-kingmaker-geparlys/
1115;Geparlys;Yes I Am The King Le Parfum Intense;100 ml EDP;Homme;Yes I Am The King Le Parfum Intense – geparlys;100 ML;Homme;259;300;oui;https://sirina.ma/produit/yes-i-am-the-king-le-parfum-intense-geparlys/
1116;Geparlys;Cèdre Ambré;100 ml EDP;Homme;Cèdre Ambre – Geparlys;100 ML;Homme;229;380;oui;https://sirina.ma/produit/cedre-ambre-geparlys/
1120;Geparlys;Yes I Am The King Evolution;100 ml EDP;Homme;Yes I Am The King Evolution – Geparlys;100 ML;Homme;249;390;oui;https://sirina.ma/produit/yes-i-am-the-king-evolution-geparlys/
1121;Geparlys;Yes I Am The Queen;100 ml EDP;Mixte;Yes I Am The Queen – Geparlys;100 ML;Femme;249;370;oui;https://sirina.ma/produit/yes-i-am-the-queen-geparlys/
1122;Geparlys;Cèdre Vert;100 ml EDP;Homme;Cèdre Vert – Geparlys;100 ML;Homme;229;370;oui;https://sirina.ma/produit/cedre-vert-geparlys/
1127;Geparlys;Chic Oriental;100 ml EDP;Homme;Chic Oriental – Geparlys;100 ML;Femme;219;380;oui;https://sirina.ma/produit/chic-oriental-geparlys/
1129;Geparlys;Bad Empereur;100 ml EDP;Homme;Bad Empereur – Geparlys;100 ML;Homme;249;400;oui;https://sirina.ma/produit/bad-empereur-geparlys/
1132;Geparlys;Joyful Life;85 ml EDP;Femme;Joyful Life – Geparlys;85 ML;Femme;249;370;oui;https://sirina.ma/produit/joyful-life-geparlys/
1142;Geparlys;Cèdre Bleu;100 ml EDP;Homme;Cèdre Bleu – Geparlys;100 ML;Homme;229;370;oui;https://sirina.ma/produit/cedre-bleu-geparlys/
1147;Geparlys;Idole La Nuit;90 ml EDP;Homme;Idole La Nuit – Geparlys;90 ML;Homme;249;400;oui;https://sirina.ma/produit/gemina-b-idole-la-nuit-geparlys/
1148;Geparlys;PURE Crystal;100 ml EDP;Femme;Pure Crystal – Geparlys;100 ML;Femme;119;200;non;https://sirina.ma/produit/pure-crystal-geparlys/
1151;Geparlys;Bleu Impérial;100 ml EDP;Homme;Bleu Impérial – Geparlys;100 ML;Homme;249;370;oui;https://sirina.ma/produit/bleu-imperial-geparlys/
1152;Geparlys;Bleu Royal;100 ml EDP;Homme;Bleu Royal – Geparlys;100 ML;Homme;229;370;oui;https://sirina.ma/produit/bleu-royal-geparlys/
1154;Geparlys;Unpredictable;100 ml EDP;Homme;Unpredictable for Men – Geparlys;100 ML;Homme;249;300;oui;https://sirina.ma/produit/unpredictable-for-men-geparlys/
1155;Geparlys;Rich Delice;85 ml EDP;Femme;Rich Delice – Johan B;85 ML;Femme;279;379;oui;https://sirina.ma/produit/rich-delice-johan-b/
1156;Geparlys;Delice Nacré;85 ml EDP;Femme;Délice Nacré – Johan B;85 ML;Femme;259;360;oui;https://sirina.ma/produit/delice-nacre-johan-b/
1157;Geparlys;Ambre Noir;100 ml EDP;Homme;Ambre Noir – Geparlys;100 ML;Homme;199;350;oui;https://sirina.ma/produit/ambre-noir-geparlys/
1167;Geparlys;Yes I Am The King Legend;100 ml EDP;Homme;Yes I Am The King Legend – Geparlys;100 ML;Homme;249;300;oui;https://sirina.ma/produit/yes-i-am-the-king-legend-geparlys/
1169;Geparlys;Yes I Am The King Le;100 ml EDP;Homme;Yes I Am The King Le parfum – Geparlys;100 ML;Homme;249;390;oui;https://sirina.ma/produit/yes-i-am-the-king-geparlys/
1170;Geparlys;Sugar Fantasy;85 ml EDP;Femme;Sugar Fantasy – Geparlys;85 ML;Femme;249;349;oui;https://sirina.ma/produit/sugar-fantasy-geparlys/
1174;Geparlys;Flower Blossom;85 ml EDP;Femme;Flower Blossom – Gemina B;85 ML;Femme;249;350;oui;https://sirina.ma/produit/flower-blossom-gemina-b/
1183;Paris Bleu;King of Paradise;100 ml EDP;Homme;King of Paradise – Paris Bleu;100 ML;Homme;149;200;oui;https://sirina.ma/produit/king-of-paradise-paris-bleu/
1186;Paris Bleu;Tobacco Club;100 ml EDP;Homme;Tobacco Club – Paris Bleu;100 ML;Homme;199;359;oui;https://sirina.ma/produit/tobacco-club-paris-bleu/
1193;Paris Bleu;Château Noir;100 ml EDP;Homme;Château Noir – Paris Bleu;100 ML;Homme;219;300;oui;https://sirina.ma/produit/chateau-noir-paris-bleu/
1194;Paris Bleu;Author;100 ml EDP;Homme;Author – Paris Bleu;100 ML;Homme;219;300;oui;https://sirina.ma/produit/author-paris-bleu/
1197;Paris Bleu;Sole Mio;100 ml EDP;Homme;Sole Mio – Paris Bleu;100 ML;Homme;159;200;oui;https://sirina.ma/produit/sole-mio-paris-bleu/
1206;Sistelle Paris;Royalty;100 ml EDP;Femme;Royalty – Sistelle;100 ML;Femme;299;359;oui;https://sirina.ma/produit/royalty-sistelle/
1217;Paris Bleu;Driver;100 ml EDP;Homme;Driver – Cyrus;95 ML;Homme;269;300;oui;https://sirina.ma/produit/driver-cyrus/
1223;Paris Bleu;Without You;100 ml EDP;Mixte;Without You – Paris Bleu;100 ML;Homme;149;200;non;https://sirina.ma/produit/without-you-paris-bleu/
1225;Paris Bleu;Aristocrate;100 ml EDP;Homme;Aristocrate – Paris Bleu;100 ML;Homme;149;200;oui;https://sirina.ma/produit/aristocrate-paris-bleu/
1226;Paris Bleu;Rich Man;100 ml EDT;Homme;Rich Man – Cyrus;100 ML;Homme;249;380;non;https://sirina.ma/produit/rich-man-cyrus/
1237;Paris Bleu;Fleur de Soie;100 ml EDP;Femme;Fleur de Soie – Paris Bleu;100 ML;Femme;179;330;oui;https://sirina.ma/produit/fleur-de-soie-paris-bleu/
1243;Franck Olivier;Blue Touch;100 ml EDT;Homme;Blue Touch – Franck Olivier;100 ML;Homme;249;400;non;https://sirina.ma/produit/blue-touch-franck-olivier/
1260;Franck Olivier;Pure Addiction;100 ml EDP;Mixte;Pure Addiction – Franck Olivier;100 ML;Unisex;299;349;non;https://sirina.ma/produit/pure-addiction-franck-olivier/
1290;Rue Broca;Hooked Intensely;100 ml EDP;Homme;Hooked Intensely – Rue Broca;100 ML;Homme;269;350;non;https://sirina.ma/produit/hooked-intensely-rue-broca/
1291;Rue Broca;Hooked Azure;100 ml EDP;Homme;Hooked Azure Pour Homme – Rue Broca;100 ML;Homme;269;350;non;https://sirina.ma/produit/hooked-azure-pour-homme-rue-broca/
1292;Rue Broca;League Premiere;100 ml EDP;Mixte;League Premiere – Rue Broca;100 ML;Femme;249;300;oui;https://sirina.ma/produit/league-premiere-rue-broca/
1293;Rue Broca;League Arena;100 ml EDP;Homme;League Arena – Rue Broca;100 ML;Homme;219;300;oui;https://sirina.ma/produit/league-arena-rue-broca/
1295;Rue Broca;R U Serious Him;100 ml EDP;Homme;R.U Serious Him – Rue Broca;100 ML;Homme;299;390;non;https://sirina.ma/produit/r-u-serious-him-rue-broca/
1296;Rue Broca;R U Serious Her;100 ml EDP;Femme;R.U Serious Her – Rue Broca;100 ML;Femme;299;390;oui;https://sirina.ma/produit/r-u-serious-her-rue-broca/
1297;Rue Broca;Pride;100 ml EDP;Homme;Pride Pour Homme – Rue Broca;100 ML;Homme;199;300;non;https://sirina.ma/produit/pride-pour-homme-rue-broca/
1304;Rue Broca;NEXA Musee;100 ml EDP;Femme;Nexa Musée – Rue Broca;100 ML;Unisex;239;380;oui;https://sirina.ma/produit/nexa-musee-rue-broca/
1305;Rue Broca;NEXA Immortal;100 ml EDP;Homme;Nexa Immortal – Rue Broca;100 ML;Homme;239;300;oui;https://sirina.ma/produit/nexa-immortal-rue-broca/
1306;Rue Broca;Ma Belle XOXO;100 ml EDP;Femme;MA BELLE XOXO – Rue Broca;100 ML;Femme;219;300;oui;https://sirina.ma/produit/ma-belle-xoxo-rue-broca/
1307;Rue Broca;Ma Belle Fantasy;100 ml EDP;Femme;MA BELLE Fantasy – Rue Broca;100 ML;Femme;210;300;oui;https://sirina.ma/produit/ma-belle-fantasy-rue-broca/
1308;Rue Broca;Luminus;100 ml EDP;Homme;Luminus – Rue Broca;100 ML;Femme;239;300;oui;https://sirina.ma/produit/luminus-rue-broca/
1311;Rue Broca;Hooked;100 ml EDP;Homme;Hooked Pour Homme – Rue Broca;100 ML;Homme;249;350;oui;https://sirina.ma/produit/hooked-pour-homme-rue-broca/
1312;Rue Broca;EXOTIC Paradise;100 ml EDP;Femme;Exotic Paradise – Rue Broca;100 ML;Femme;239;300;oui;https://sirina.ma/produit/exotic-paradise-ruebroca/
1313;Rue Broca;EXOTIC - Heritage;100 ml EDP;Homme;Exotic Heritage – Rue Broca;100 ML;Homme;219;300;oui;https://sirina.ma/produit/exotic-heritage-rue-broca/
1314;Rue Broca;Touche;100 ml EDP;Femme;Touche Pour Femme – Rue Broca;100 ML;Femme;199;350;oui;https://sirina.ma/produit/touche-pour-femme-rue-broca/
1316;Rue Broca;Pride Intense;100 ml EDP;Mixte;Pride Intense Rue Broca;100 ML;Homme;199;350;oui;https://sirina.ma/produit/pride-intense-rue-broca/
1317;Rue Broca;Pride My Oud;100 ml EDP;Mixte;Pride My Oud – Rue Broca;100 ML;Homme;199;330;oui;https://sirina.ma/produit/pride-my-oud-rue-broca/
1321;Alhambra;Your Touch Santal;100 ml EDP;Mixte;Your Touch Santal – Maison Alhambra;100 ML;Homme;129;200;oui;https://sirina.ma/produit/your-touch-santal-maison-alhambra/
1322;Alhambra;Your Touch Amber;100 ml EDP;Homme;Your Touch Amber – Maison Alhambra;100 ML;Unisex;139;200;oui;https://sirina.ma/produit/your-touch-amber-maison-alhambra/
1326;Alhambra;Yeah;100 ml EDP;Homme;Yeah Edp – Maison Alhambra;100 ML;Homme;139;150;oui;https://sirina.ma/produit/yeah-edp-maison-alhambra/
1331;Alhambra;Luxe Blanc;100 ml EDP;Mixte;Luxe Blanc – Maison Alhambra;100 ML;Femme;249;320;oui;https://sirina.ma/produit/luxe-blanc-maison-alhambra/
1334;Alhambra;Your Touch Leather;100 ml EDP;Mixte;Your Touch Leather – Maison Alhambra;100 ML;Homme;139;200;non;https://sirina.ma/produit/your-touch-leather-maison-alhambra/
1335;Alhambra;True Word;100 ml EDP;Homme;True Word – Maison Alhambra;100 ML;Homme;189;200;oui;https://sirina.ma/produit/true-word-maison-alhambra/
1338;Alhambra;Tonic Ice;100 ml EDP;Mixte;Tonic Ice – Maison Alhambra;100 ML;Homme;189;300;oui;https://sirina.ma/produit/tonic-ice-maison-alhambra/
1340;Alhambra;Smoky Touch;80 ml EDP;Mixte;Smoky Touch – Maison Alhambra;80 ML;Unisex;179;200;oui;https://sirina.ma/produit/smoky-touch-maison-alhambra/
1341;Alhambra;Pacific Blue;80 ml EDP;Mixte;Pacific Blue – Maison Alhambra;80 ML;Unisex;179;250;oui;https://sirina.ma/produit/pacific-blue-maison-alhambra/
1345;Alhambra;Mia Dolcezza Verde;100 ml EDP;Femme;Mia Dolcezza Verde – Maison Alhambra;100 ML;Homme;179;200;oui;https://sirina.ma/produit/mia-dolcezza-verde-maison-alhambra/
1354;Alhambra;Forbidden Love;80 ml EDP;Mixte;Forbidden Love – Maison AlHambra;80 ML;Femme;179;200;oui;https://sirina.ma/produit/forbidden-love-maison-alhambra/
1355;Alhambra;Extravagant Lover;100 ml EDP;Mixte;extravagant Lover- Maison Alhambra;100 ML;Homme;139;200;oui;https://sirina.ma/produit/extravagant-lover-maison-alhambra/
1357;Alhambra;Encode Mountain;100 ml EDP;Homme;Encode Mountain – Maison Alhambra;100 ML;Homme;139;200;oui;https://sirina.ma/produit/encode-mountain-maison-alhambra/
1358;Alhambra;Domino Essence;100 ml EDP;Mixte;Domino Essence – Maison Alhambra;100 ML;Unisex;219;250;oui;https://sirina.ma/produit/domino-essence-maison-alhambra/
1360;Alhambra;Dark Aoud;80 ml EDP;Mixte;Dark Aoud – Maison Alhambra;80 ML;Homme;185;200;oui;https://sirina.ma/produit/dark-aoud-maison-alhambra/
1363;Alhambra;Jorge Di Profumo;100 ml EDP;Homme;Jorge Di Profumo – Maison Alhambra;100 ML;Homme;139;200;oui;https://sirina.ma/produit/jorge-di-profumo-maison-alhambra/
1369;Alhambra;Victorioso Fearless;100 ml EDP;Mixte;Victorioso Fearless – Maison Alhambra;100 ML;Homme;149;250;oui;https://sirina.ma/produit/victorioso-fearless-maison-alhambra/
1370;Alhambra;Rose Origami;100 ml EDP;Mixte;Rose Origami – Maison Alhambra;100 ML;Femme;149;200;oui;https://sirina.ma/produit/rose-origami-maison-alhambra/
1373;Alhambra;Luxe Chic;100 ml EDP;Femme;Luxe Chic – Maison Alhambra;100 ML;Femme;249;320;oui;https://sirina.ma/produit/luxe-chic-maison-alhambra/
1374;Alhambra;Galactic Elixir;100 ml EDP;Homme;Galactic Men Elixir – Maison Alhambra;100 ML;Homme;139;200;oui;https://sirina.ma/produit/galactic-men-elixir-maison-alhambra/
1375;Alhambra;Exquisite Prive;100 ml EDP;Mixte;Exquisite Prive – Maison Alhambra;100 ML;Homme;149;200;oui;https://sirina.ma/produit/exquisite-prive-maison-alhambra/
1383;Alhambra;Celeste;100 ml EDP;Femme;Céleste – Maison Alhambra;100 ML;Unisex;249;300;non;https://sirina.ma/produit/celeste-maison-alhambra/
1384;Alhambra;Narissa Et Moi;100 ml EDP;Femme;Narissa et Moi – Maison Alhambra;100 ML;Femme;159;200;non;https://sirina.ma/produit/narissa-et-moi-maison-alhambra/
1385;Alhambra;Your Touch Intense;100 ml EDP;Mixte;Your Touch Intense – Maison Alhambra;100 ML;Homme;149;200;non;https://sirina.ma/produit/your-touch-intense-maison-alhambra/
1387;Alhambra;Philos Messenger;100 ml EDP;Mixte;Philos Messenger – Maison Alhambra;100 ML;Homme;179;360;oui;https://sirina.ma/produit/philos-messenger-maison-alhambra/
1388;Alhambra;Lava;100 ml EDP;Mixte;Lava – Maison Alhambra;100 ML;Unisex;169;200;oui;https://sirina.ma/produit/lava-maison-alhambra/
1389;Alhambra;La Charmante Eclatant;100 ml EDP;Mixte;La Charmante Éclatant – Maison Alhambra;100 ML;Unisex;199;359;oui;https://sirina.ma/produit/la-charmante-eclatant-maison-alhambra/
1390;Alhambra;La Charmante;100 ml EDP;Mixte;La Charmante – Maison Alhambra;100 ML;Unisex;199;349;oui;https://sirina.ma/produit/la-charmante-maison-alhambra/
1396;Alhambra;Eclat De Lune;100 ml EDP;Femme;Eclat De Lune – Maison Alhambra;100 ML;Femme;179;200;oui;https://sirina.ma/produit/eclat-de-lune-maison-alhambra-2/
1398;Alhambra;Vogue Rouge;100 ml EDP;Femme;Vogue Rouge – Maison Alhambra;100 ML;Femme;169;200;oui;https://sirina.ma/produit/vogue-rouge-maison-alhambra/
1399;Alhambra;Pink Eclipse;100 ml EDP;Femme;Pink Eclipse – Maison Alhambra;100 ML;Femme;179;250;non;https://sirina.ma/produit/pink-eclipse-maison-alhambra/
1401;Alhambra;Camille;100 ml EDP;Femme;Camille – Maison Alhambra;100 ML;Femme;179;200;oui;https://sirina.ma/produit/camille-maison-alhambra/
1403;Alhambra;Winsome;90 ml EDP;Mixte;Winsome – Maison Alhambra;90 ML;Homme;249;300;oui;https://sirina.ma/produit/winsome-maison-alhambra/
1405;Alhambra;Jean Lowe Azure;100 ml EDP;Mixte;Jean Lowe Azure – Maison Alhambra;100 ML;Unisex;219;300;oui;https://sirina.ma/produit/jean-lowe-azure-maison-alhambra/
1408;Alhambra;Opulence Leather;100 ml EDP;Homme;Opulence Leather – Maison Alhambra;100 ML;Unisex;139;200;oui;https://sirina.ma/produit/amber-leather-maison-alhambra/
1409;Alhambra;Florenza;100 ml EDP;Femme;Florenza – Maison Alhambra;100 ML;Femme;129;200;non;https://sirina.ma/produit/florenza-maison-alhambra/
1432;Alhambra;Kismet;100 ml EDP;Homme;Kismet for Men – Maison Alhambra;100 ML;Homme;219;250;oui;https://sirina.ma/produit/kismet-for-men-maison-alhambra/
1438;Alhambra;Your Touch;100 ml EDP;Femme;Your Touch For Women – Maison Alhambra;100 ML;Femme;139;200;oui;https://sirina.ma/produit/your-touch-for-women-maison-alhambra/
1439;Alhambra;Maitre De Blue;100 ml EDP;Homme;Maître de Blue – Maison Alhambra;100 ML;Homme;139;200;oui;https://sirina.ma/produit/maitre-de-blue-maison-alhambra/
1444;Alhambra;Jean Lowe Noir;100 ml EDP;Mixte;Maison Alhambra Jean Lowe Noir;100 ML;Unisex;229;300;non;https://sirina.ma/produit/maison-alhambra-jean-lowe-noir/
1445;Alhambra;Victorioso Nero;100 ml EDP;Homme;Victorioso Nero – Maison Alhambra;100 ML;Homme;129;279;oui;https://sirina.ma/produit/victorioso-nero-maison-alhambra/
1446;Alhambra;Victorioso Myth;100 ml EDP;Homme;Victorioso myth- Maison Alhambra;100 ML;Homme;139;200;non;https://sirina.ma/produit/victorioso-legend-maison-alhambra/
1448;Alhambra;Jean Lowe Immortal;100 ml EDP;Homme;Jean Lowe Immortal – Maison Alhambra;100 ML;Homme;219;300;non;https://sirina.ma/produit/jean-lowe-immortal-maison-alhambra/
1453;Alhambra;Salvo Intense;100 ml EDP;Homme;Salvo Intense – Maison Alhambra;100 ML;Homme;139;200;oui;https://sirina.ma/produit/salvo-intense-maison-alhambra/
1456;Alhambra;Glacier Ultra;100 ml EDP;Homme;Glacier Ultra – Maison Alhambra;100 ML;Homme;179;250;oui;https://sirina.ma/produit/glacier-ultra-maison-alhambra/
1457;Alhambra;Philos Rosso;100 ml EDP;Mixte;Philos Rosso – Maison Alhambra;100 ML;Femme;139;200;oui;https://sirina.ma/produit/philos-rosso-maison-alhambra/
1458;Alhambra;Glacier Le Noir;100 ml EDP;Homme;Glacier Le Noir – Maison Alhambra;100 ML;Homme;179;300;oui;https://sirina.ma/produit/glacier-le-noir-maison-alhambra/
1460;Alhambra;Glacier Bold;100 ml EDP;Mixte;Glacier Bold – Maison Alhambra;100 ML;Homme;179;250;oui;https://sirina.ma/produit/glacier-bold-maison-alhambra/
1461;Alhambra;Perseus;100 ml EDP;Homme;Perseus – Maison Alhambra;100 ML;Homme;129;200;non;https://sirina.ma/produit/perseus-maison-alhambra/
1462;Alhambra;Glacier Bella;100 ml EDP;Femme;Glacier Bella – Maison Alhambra;100 ML;Femme;179;200;oui;https://sirina.ma/produit/glacier-bella-maison-alhambra/
1463;Alhambra;Como Moiselle;100 ml EDP;Femme;Como Moiselle – Maison Alhambra;100 ML;Femme;129;200;oui;https://sirina.ma/produit/como-moiselle-maison-alhambra/
1469;Alhambra;Black Origami;100 ml EDP;Mixte;Black Origami – Maison Alhambra;100 ML;Femme;149;280;non;https://sirina.ma/produit/black-origami-maison-alhambra/
1470;Alhambra;Berlinetta;100 ml EDP;Mixte;Maison Alhambra Berlinetta;100 ML;Unisex;219;300;non;https://sirina.ma/produit/maison-alhambra-berlinetta/
1471;Alhambra;Leonie;100 ml EDP;Femme;Léonie – Maison Alhambra;100 ML;Femme;139;200;non;https://sirina.ma/produit/leonie-maison-alhambra/
1472;Alhambra;La Voie;100 ml EDP;Femme;La Voie – Maison Alhambra;100 ML;Femme;129;200;oui;https://sirina.ma/produit/la-voie-maison-alhambra/
1474;Alhambra;Athena;100 ml EDP;Femme;Maison Alhambra Athena;100 ML;Femme;129;289;non;https://sirina.ma/produit/maison-alhambra-athena/
1479;Alhambra;Avant;100 ml EDP;Mixte;Avant – Maison Alhambra;100 ML;Homme;139;249;non;https://sirina.ma/produit/avant-maison-alhambra/
1481;Alhambra;Alpine Homme Sport;100 ml EDP;Homme;Alpine Homme Sport – Maison Alhambra;100 ML;Homme;139;150;non;https://sirina.ma/produit/alpine-homme-sport-maison-alhambra/
1490;Riiffs;Freeze In Flames;100 ml Extrait;Mixte;Freeze in flames – Riiffs;100 ML;Unisex;349;400;oui;https://sirina.ma/produit/freeze-in-flames-riiffs/
1501;Riiffs;Seasons Drift;100 ml EDP;Mixte;Seasons Drift – Riiffs;100 ML;Homme;289;400;oui;https://sirina.ma/produit/seasons-drift-riiffs/
1510;Riiffs;Freeze;100 ml Extrait;Mixte;Freeze – Riiffs;100 ML;Homme;319;400;oui;https://sirina.ma/produit/freeze-riiffs/
1511;Riiffs;Momento;100 ml Extrait;Mixte;Momento – Riiffs;100 ML;Homme;279;379;oui;https://sirina.ma/produit/momento-riiffs/
1512;Riiffs;Noor;100 ml Extrait;Mixte;Noor – Riiffs;100 ML;Femme;299;600;oui;https://sirina.ma/produit/noor-riiffs/
1515;Riiffs;Golden Elixir Reserve;100 ml Extrait;Mixte;Golden Elixir Reserve – Riiffs;100 ML;Unisex;259;300;oui;https://sirina.ma/produit/golden-elixir-reserve-riiffs-2/
1516;Riiffs;Golden Elixir;100 ml Extrait;Mixte;Golden Elixir  – Riiffs;100 ML;Unisex;249;300;oui;https://sirina.ma/produit/golden-elixir-reserve-riiffs/
1522;Rasasi;Entebaa;100 ml EDP;Homme;Entebaa – Rasasi;100 ML;Homme;299;500;oui;https://sirina.ma/produit/entebaa-rasasi/
1527;Asdaaf;Raneen;80 ml EDP;Femme;Raneen – Asdaaf;80 ML;Femme;169;220;non;https://sirina.ma/produit/raneen-asdaaf/
1533;La Rive;Moon;75 ml EDP;Femme;Moon – La Rive;75 ML;Femme;99;200;oui;https://sirina.ma/produit/moon-la-rive/
1538;Rasasi;Fattan;50 ml EDP;Homme;Fattan pour Homme – Rasasi;50 ML;Homme;199;300;non;https://sirina.ma/produit/fattan-pour-homme-rasasi/
1558;Asdaaf;Andaleeb;100 ml EDP;Mixte;Andaleeb – Asdaaf;100 ML;Unisex;119;180;oui;https://sirina.ma/produit/al-andaleeb-asdaaf/
1563;Rasasi;Shuhrah;90 ml EDP;Femme;Shuhrah Pour Femme – Rasasi;90 ML;Femme;299;400;non;https://sirina.ma/produit/shuhrah-pour-femme-rasasi/
1588;Rasasi;La Yuqawam Tobacco Blaze;75 ml EDP;Homme;La Yuqawam Tobacco Blaze – Rasasi;75 ML;Homme;750;800;non;https://sirina.ma/produit/la-yuqawam-homme-rasasi/
